{
  "info": {
    "_postman_id": "c1c1c1c1-c1c1-c1c1-c1c1-c1c1c1c1c1c1",
    "name": "Cupones API",
    "schema": "https://schema.getpostman.com/json/collection/v2.1.0/collection.json"
  },
  "item": [
    {
      "name": "Listar cupones",
      "request": {
        "method": "GET",
        "header": [
          { "key": "Authorization", "value": "Bearer {{jwt}}", "type": "text" }
        ],
        "url": { "raw": "http://localhost:8080/api/cupones", "protocol": "http", "host": ["localhost"], "port": "8080", "path": ["api", "cupones"] }
      }
    },
    {
      "name": "Obtener cupón por ID",
      "request": {
        "method": "GET",
        "header": [
          { "key": "Authorization", "value": "Bearer {{jwt}}", "type": "text" }
        ],
        "url": { "raw": "http://localhost:8080/api/cupones/1", "protocol": "http", "host": ["localhost"], "port": "8080", "path": ["api", "cupones", "1"] }
      }
    },
    {
      "name": "Crear cupón",
      "request": {
        "method": "POST",
        "header": [
          { "key": "Authorization", "value": "Bearer {{jwt}}", "type": "text" },
          { "key": "Content-Type", "value": "application/json", "type": "text" }
        ],
        "body": {
          "mode": "raw",
          "raw": "{\n  \"nombre\": \"DESCUENTO10\",\n  \"descripcion\": \"10% de descuento\"\n}"
        },
        "url": { "raw": "http://localhost:8080/api/cupones", "protocol": "http", "host": ["localhost"], "port": "8080", "path": ["api", "cupones"] }
      }
    },
    {
      "name": "Actualizar cupón",
      "request": {
        "method": "PUT",
        "header": [
          { "key": "Authorization", "value": "Bearer {{jwt}}", "type": "text" },
          { "key": "Content-Type", "value": "application/json", "type": "text" }
        ],
        "body": {
          "mode": "raw",
          "raw": "{\n  \"nombre\": \"DESCUENTO20\",\n  \"descripcion\": \"20% de descuento\"\n}"
        },
        "url": { "raw": "http://localhost:8080/api/cupones/1", "protocol": "http", "host": ["localhost"], "port": "8080", "path": ["api", "cupones", "1"] }
      }
    },
    {
      "name": "Eliminar cupón",
      "request": {
        "method": "DELETE",
        "header": [
          { "key": "Authorization", "value": "Bearer {{jwt}}", "type": "text" }
        ],
        "url": { "raw": "http://localhost:8080/api/cupones/1", "protocol": "http", "host": ["localhost"], "port": "8080", "path": ["api", "cupones", "1"] }
      }
    },
    {
      "name": "Asignar cupón a usuario",
      "request": {
        "method": "POST",
        "header": [
          { "key": "Authorization", "value": "Bearer {{jwt}}", "type": "text" }
        ],
        "url": { "raw": "http://localhost:8080/api/cupones/1/usuarios?usuarioId={{usuarioId}}", "protocol": "http", "host": ["localhost"], "port": "8080", "path": ["api", "cupones", "1", "usuarios"], "query": [{"key": "usuarioId", "value": "{{usuarioId}}"}] }
      }
    },
    {
      "name": "Listar usuarios de un cupón",
      "request": {
        "method": "GET",
        "header": [
          { "key": "Authorization", "value": "Bearer {{jwt}}", "type": "text" }
        ],
        "url": { "raw": "http://localhost:8080/api/cupones/1/usuarios", "protocol": "http", "host": ["localhost"], "port": "8080", "path": ["api", "cupones", "1", "usuarios"] }
      }
    }
  ]
}
